{
  "dataset": "TREC-06 (external)",
  "accuracy": 0.8929878048780487,
  "confusion_matrix": [
    [
      10967,
      1444
    ],
    [
      311,
      3678
    ]
  ],
  "report": {
    "0": {
      "precision": 0.9724241886859373,
      "recall": 0.88365159938764,
      "f1-score": 0.9259149816370468,
      "support": 12411.0
    },
    "1": {
      "precision": 0.7180788754392815,
      "recall": 0.9220355978942091,
      "f1-score": 0.807375699703655,
      "support": 3989.0
    },
    "accuracy": 0.8929878048780487,
    "macro avg": {
      "precision": 0.8452515320626094,
      "recall": 0.9028435986409246,
      "f1-score": 0.8666453406703509,
      "support": 16400.0
    },
    "weighted avg": {
      "precision": 0.9105593438968574,
      "recall": 0.8929878048780487,
      "f1-score": 0.897082469708248,
      "support": 16400.0
    }
  }
}