{
  "model": "TF-IDF + Logistic Regression",
  "training": {
    "train_samples": 65075,
    "test_samples": 16269,
    "vectorization_time": 86.38718438148499,
    "training_time": 6.883285999298096,
    "total_time": 93.27047038078308,
    "max_features": 10000,
    "ngram_range": [
      1,
      2
    ],
    "vocabulary_size": 10000
  },
  "test": {
    "accuracy": 0.9834654865080829,
    "precision": 0.9823803967327888,
    "recall": 0.9861778142204521,
    "f1": 0.9842754428011925,
    "roc_auc": 0.9983757292515869,
    "precision_legitimate": 0.9846733341992466,
    "recall_legitimate": 0.9804707708225556,
    "f1_legitimate": 0.9825675588101873,
    "precision_phishing": 0.9823803967327888,
    "recall_phishing": 0.9861778142204521,
    "f1_phishing": 0.9842754428011925
  },
  "confusion_matrix": [
    [
      7581,
      151
    ],
    [
      118,
      8419
    ]
  ],
  "top_phishing_features": [
    [
      "josemonkeyorg",
      5.618153711644189
    ],
    [
      "http",
      5.159460747106797
    ],
    [
      "0300",
      5.103623942982072
    ],
    [
      "account",
      4.94058673987829
    ],
    [
      "2004",
      4.7621236349605605
    ],
    [
      "money",
      4.576346628602959
    ],
    [
      "click",
      4.520289424926071
    ],
    [
      "life",
      4.510995962128208
    ],
    [
      "love",
      4.425847701223112
    ],
    [
      "remove",
      4.078526664454913
    ],
    [
      "replica",
      3.873752127395304
    ],
    [
      "watches",
      3.6132969885482695
    ],
    [
      "meds",
      3.5573334454446393
    ],
    [
      "company",
      3.482515368223006
    ],
    [
      "2016",
      3.400474350793787
    ],
    [
      "2005",
      3.3838216481307057
    ],
    [
      "investment",
      3.289039073787395
    ],
    [
      "viagra",
      3.2392783349565306
    ],
    [
      "quality",
      3.2259844826258526
    ],
    [
      "men",
      3.221745049771933
    ]
  ],
  "top_legitimate_features": [
    [
      "wrote",
      -11.170531810246397
    ],
    [
      "enron",
      -9.888331043173222
    ],
    [
      "thanks",
      -7.574028682221105
    ],
    [
      "opensuse",
      -5.550068665582657
    ],
    [
      "ierant",
      -5.4099950165870725
    ],
    [
      "university",
      -5.3596428743842095
    ],
    [
      "vince",
      -4.843709041000063
    ],
    [
      "im",
      -4.753093348019887
    ],
    [
      "pm",
      -4.7472109322024645
    ],
    [
      "louise",
      -4.306221848626326
    ],
    [
      "perl",
      -4.278863888858425
    ],
    [
      "language",
      -4.132341000031541
    ],
    [
      "february",
      -4.004702862614611
    ],
    [
      "713",
      -3.9751683965157096
    ],
    [
      "questions",
      -3.958149981524818
    ],
    [
      "2001",
      -3.7405135584748392
    ],
    [
      "url",
      -3.6491473382218365
    ],
    [
      "date",
      -3.625852162017411
    ],
    [
      "tony",
      -3.6032193586716406
    ],
    [
      "1300",
      -3.570405711047103
    ]
  ]
}